{
  "tasks": 50,
  "solved": 21,
  "accuracy": 0.42,
  "solved_on_attempt_1": 15,
  "solved_on_attempt_2": 6,
  "demos_all_pass_count": 20,
  "solved_task_ids": [
    "009d5c81",
    "00dbd492",
    "03560426",
    "0607ce86",
    "070dd51e",
    "0b17323b",
    "0bb8deee",
    "0becf7df",
    "0c786b71",
    "0c9aba6e",
    "0e671a1a",
    "12422b43",
    "12997ef3",
    "140c817e",
    "15696249",
    "18419cfa",
    "195ba7dc",
    "19bb5feb",
    "1a2e2828",
    "1a6449f1",
    "1d398264"
  ],
  "failed_task_ids": [
    "00576224",
    "05a7bcf2",
    "0692e18c",
    "08573cc6",
    "0934a4d8",
    "09c534e7",
    "0a1d4ef5",
    "0a2355a6",
    "0d87d2a6",
    "0f63c0b9",
    "103eff5b",
    "11e1fe23",
    "12eac192",
    "136b0064",
    "13713586",
    "137f0df0",
    "14754a24",
    "15113be4",
    "15663ba9",
    "16b78196",
    "17b80ad2",
    "17cae0c1",
    "184a9768",
    "1990f7a8",
    "1acc24af",
    "1c02dbbe",
    "1c0d0a4b",
    "1c56ad9f",
    "1d0a4b61"
  ],
  "demos_passed_but_test_failed_ids": [
    "13713586"
  ],
  "mean_vlm_sec": 158.77738369429483,
  "p50_vlm_sec": 163.06433486752212,
  "p95_vlm_sec": 164.6619688924402,
  "mean_reasoner_sec": 30.270510019399225,
  "p50_reasoner_sec": 33.679598070681095,
  "p95_reasoner_sec": 44.45266184117645,
  "mean_exec_sec": 0.935622975025326,
  "mean_total_sec": 190.47463978372514,
  "p50_total_sec": 197.5748328557238,
  "p95_total_sec": 208.65321437083185,
  "anthropic_usage": {
    "input_tokens": 638524,
    "output_tokens": 85236,
    "cache_creation_input_tokens": 0,
    "cache_read_input_tokens": 0
  }
}